<?xml version="1.0" encoding="utf-8"?><extension type="plugin" group="system" version="3.5" method="upgrade">    <name>editor4roks</name>    <version>2.2.1</version>    <creationDate>20 May 2019</creationDate>    <author>Marcos Rego</author>    <authorEmail>web@marcosrego.com</authorEmail>    <authorUrl>https://marcosrego.com</authorUrl>	<license>http://www.gnu.org/licenseses/gpl-2.0.html GNU/GPL</license>    <description><![CDATA[	<span class="readonly">		<p class="alert alert-info">Plugin that adds the WYSIWYG HTML Editor to the custom descriptions of your Roksprocket Modules. With <strong>editor4roks</strong> activated the descriptions will be easier to edit and the links easier to put directly on the modules.</p> 		<p>		<a href="https://marcosrego.com/en/web-en/editor4roks-en/" target="_blank" class="btn btn-info">editor4roks</a>		<a href="http://www.rockettheme.com/joomla/extensions/roksprocket" target="_blank" class="btn btn-info">Roksprocket on RocketTheme website</a>		<a href="http://nicedit.com/" target="_blank" class="btn btn-info">NicEdit editor website</a>		</p>		<p><small>This is not an official plugin of RocketTheme.<br>editor4roks is released under the <a target="_blank" href="http://www.gnu.org/licenses/gpl-2.0.html">GNU/GPL v2 license.</a></small></p>	</span>		]]></description>	<!-- Core files admin -->	<files>		<filename plugin="editor4roks">editor4roks.php</filename>		<filename>assets/css/v221.css</filename>		<filename>assets/css/roks4mob_v221.css</filename>		<filename>assets/js/v221.js</filename>		<filename>assets/js/nicEdit.js</filename>		<filename>assets/img/nicEditorIcons.gif</filename>		<filename>assets/img/joomlapreview.jpg</filename>		<filename>index.html</filename>	</files>	 <administration > </administration>	 <updateservers>			<server type="extension" priority="1" name="editor4roks"><![CDATA[	https://raw.githubusercontent.com/marcosrego-web/editor4roks/master/updates/joomla-updates.xml	]]></server>		</updateservers>	<config>        <fields name="params">            <fieldset name="options">				<field name="editoroption" type="list" default="0" label="Editor" description="Use 'Joomla Default' to use the default editor selected in 'Global Configuration', this will also change the method to insert images inside Roksprocket. Choose the editor 'NicEdit' if you prefer to use the default Media Manager for selecting images.">					<option value="1">Joomla Default</option>                    <option value="0">NicEdit</option>                </field>				<field name="roks4mob" type="list" default="1" label="roks4mob" description="When enabled, Roksprocket's layout will be more friendly on mobile devices.">					<option value="1">JENABLED</option>                    <option value="0">JDISABLED</option>                </field>			</fieldset>        </fields>    </config></extension>